country,ceo,cfo,other,company,sector,action,no_action,website,twitter,twitter_handle,details
US,Michael K. (Mike) Wirth,Eimear P. Bonner,-,Chevron Corporation,ENERGY SECTOR,False,True,https://www.chevron.com,https://twitter.com/Chevron,Chevron,"Country: US,CEO: Michael K. (Mike) Wirth ,CFO: Eimear P. Bonner,Website,Twitter"
UK,Mario Mehren,Paul Smith,-,Wintershall,ENERGY SECTOR,False,True,https://wintershalldea.com/en,https://twitter.com/wintershalldea,wintershalldea,"Country: UK,CEO: Mario Mehren ,CFO: Paul Smith ,Website,Twitter"
Germany,Stefan Hartung,Markus Forschner,-,Robert Bosch GmbH,ENERGY SECTOR,False,True,https://www.bosch.com/contact/,https://twitter.com/BoschGlobal,BoschGlobal,"Country: Germany,CEO: Stefan Hartung,CFO: Markus Forschner ,Website,Twitter"
Netherlands,Olivier Le Peuch,Stephane Biguet,-,Schlumberger,ENERGY SECTOR,True,False,https://www.slb.com,,,"Country: Netherlands,CEO: Olivier Le Peuch ,CFO: Stephane Biguet ,Website"
Germany,Leonhard Birnbaum,Marc Spieker,-,E.ON,ENERGY SECTOR,True,False,https://www.eon.com/en.html,https://twitter.com/EON_SE_en,EON_SE_en,"Country: Germany,CEO: Leonhard Birnbaum,CFO: Marc Spieker,Website,Twitter"
US,Jeff Miller,Lance Leoffler,-,Halliburton,ENERGY SECTOR,True,False,https://www.halliburton.com,https://twitter.com/Halliburton,Halliburton,"Country: US,CEO: Jeff Miller,CFO: Lance Leoffler,Website,Twitter"
Germany,Klaus-Dieter Maubach,Tiina Tuomela,-,Uniper,ENERGY SECTOR,True,False,https://www.bosch.com/contact/,https://twitter.com/uniper_energy,uniper_energy,"Country: Germany,CEO: Klaus-Dieter Maubach,CFO: Tiina Tuomela,Website,Twitter"
US,Darren Woods,Kathryn A. Mikells,-,ExxonMobil,ENERGY SECTOR,True,False,https://corporate.exxonmobil.com,https://twitter.com/exxonmobil,exxonmobil,"Country: US,CEO: Darren Woods ,CFO: Kathryn A. Mikells,Website,Twitter"
UK,Ben van Beurden,Jessica Uhl,-,Shell,ENERGY SECTOR,True,False,https://www.shell.com,https://twitter.com/shell,shell,"Country: UK,CEO: Ben van Beurden ,CFO: Jessica Uhl,Website,Twitter"
UK,Bernard Looney,Murray Auchincloss,-,BP,ENERGY SECTOR,True,False,https://www.bp.com,https://twitter.com/bp_plc,bp_plc,"Country: UK,CEO: Bernard Looney ,CFO: Murray Auchincloss ,Website,Twitter"
Austria,Alfred Stern,Reinhard Florey,-,OMV,ENERGY SECTOR,True,False,https://www.omv.com/en,https://twitter.com/omv,omv,"Country: Austria,CEO: Alfred Stern,CFO: Reinhard Florey,Website,Twitter"
Netherlands,Han Fennema,Janneke Hermes,-,Gasunie,ENERGY SECTOR,True,False,https://www.gasunie.nl/en,https://twitter.com/gasunie?lang=en,gasunie,"Country: Netherlands,CEO: Han Fennema,CFO: Janneke Hermes,Website,Twitter"
Finland,Markus Rauramo,Bernhard Günther,-,Fortum,ENERGY SECTOR,True,False,https://www.fortum.com,https://twitter.com/fortum?lang=en,fortum,"Country: Finland,CEO: Markus Rauramo,CFO: Bernhard Günther,Website,Twitter"
France,Catherine MacGregor,Pierre-François Riolacci,-,Engie,ENERGY SECTOR,False,True,https://www.engie.com/en,https://twitter.com/engiegroup,engiegroup,"Country: France,CEO: Catherine MacGregor,CFO: Pierre-François Riolacci,Website,Twitter"
Italy,Claudio Descalzi,Francesco Gattei,-,Eni,ENERGY SECTOR,True,False,https://www.eni.com/en-IT/home.html,https://twitter.com/eni,eni,"Country: Italy,CEO: Claudio Descalzi,CFO: Francesco Gattei,Website,Twitter"
US,Lorenzo Simonelli,Brian Worrell,-,Baker Hughes,ENERGY SECTOR,True,False,https://www.bakerhughes.com,https://twitter.com/bakerhughesco,bakerhughesco,"Country: US,CEO: Lorenzo Simonelli,CFO: Brian Worrell,Website,Twitter"
Germany,Thomas Böck,Henner Böttcher,-,Claas,MACHINERY and MANUFACTURING SECTOR,False,True,https://www.claas-group.com,https://twitter.com/claas_america,claas_america,"Country: Germany,CEO: Thomas Böck ,CFO: Henner Böttcher ,Website,Twitter"
USA/Italy,Carlo Lambro,,-,New Holland Agriculture,MACHINERY and MANUFACTURING SECTOR,False,True,https://agriculture.newholland.com/eu/en-uk,https://twitter.com/newhollandag,newhollandag,"Country: USA/Italy,CEO: Carlo Lambro ,Website,Twitter"
US,Tom Linebarger,Mark Smith,-,Cummins,MACHINERY and MANUFACTURING SECTOR,False,True,https://www.cummins.com,https://twitter.com/cummins?lang=en,cummins,"Country: US,CEO: Tom Linebarger ,CFO: Mark Smith ,Website,Twitter"
South Africa,Dominic Malentsha Sewela,Nopasika Vuyelwa Lila,-,Barloworld,MACHINERY and MANUFACTURING SECTOR,False,True,https://www.barloworld.com,https://twitter.com/barloworldltd,barloworldltd,"Country: South Africa,CEO: Dominic Malentsha Sewela ,CFO: Nopasika Vuyelwa Lila ,Website,Twitter"
US,Jim Umpleby,Andrew R.J Bonfield,-,Caterpillar Inc.,MACHINERY and MANUFACTURING SECTOR,True,False,https://www.caterpillar.com,https://twitter.com/CaterpillarInc?ref_src=twsrc%5Egoogle%7Ctwcamp%5Eserp%7Ctwgr%5Eauthor,CaterpillarInc,"Country: US,CEO: Jim Umpleby ,CFO: Andrew R.J Bonfield ,Website,Twitter"
US,John C. May,Ryan D. Campbell,-,John Deere,MACHINERY and MANUFACTURING SECTOR,True,False,https://www.deere.com/en/,https://twitter.com/johndeere,johndeere,"Country: US,CEO: John C. May,CFO: Ryan D. Campbell,Website,Twitter"
Italy,Giacomo Mareschi Danieli,Alessandro Brussi,-,Danieli,MACHINERY and MANUFACTURING SECTOR,False,True,https://www.danieli.com,,,"Country: Italy,CEO: Giacomo Mareschi Danieli,CFO: Alessandro Brussi,Website"
,Bjorn Rosengren,Timo Ihamuotila,-,ABB Ltd,MACHINERY and MANUFACTURING SECTOR,False,True,https://global.abb/group/en,,,"Switzerland ,CEO: Bjorn Rosengren,CFO: Timo Ihamuotila,Website"
Sweden,Mats Rahmström,Peter Kinnart,-,Atlas Copco,MACHINERY and MANUFACTURING SECTOR,False,True,https://www.atlascopco.com,,,"Country: Sweden,CEO: Mats Rahmström,CFO: Peter Kinnart,Website"
Sweden,Tom Erixon,Jan Allde,-,Alfa Laval,MACHINERY and MANUFACTURING SECTOR,False,True,https://www.alfalaval.co.uk,,,"Country: Sweden,CEO: Tom Erixon ,CFO: Jan Allde,Website"
Sweden,Paul Löfgren,Christian Poggensee,-,DeLaval International,MACHINERY and MANUFACTURING SECTOR,False,True,https://corporate.delaval.com,,,"Country: Sweden,CEO: Paul Löfgren,CFO: Christian Poggensee,Website"
Japan,Akira Kiyohara,Shinsuke Uchinashi,-,JUKI,MACHINERY and MANUFACTURING SECTOR,False,True,https://jukiuk.com,,,"Country: Japan,CEO: Akira Kiyohara ,CFO: Shinsuke Uchinashi,Website"
US,Judy Marks,Rahul Ghai,-,OTIS,MACHINERY and MANUFACTURING SECTOR,False,True,https://www.otis.com/en/us/,,,"Country: US,CEO: Judy Marks,CFO: Rahul Ghai,Website"
Sweden,Adolfo Orive,Tatiana Liceti,-,Tetra Pak International,MACHINERY and MANUFACTURING SECTOR,False,True,https://www.tetrapak.com/en-gb,,,"Country: Sweden,CEO: Adolfo Orive,CFO: Tatiana Liceti,Website"
UK,C.S. Venkatakrishnan,Tushar Morzaria,-,Barclays,FINANCIAL and BANKING SECTOR,False,True,https://home.barclays,https://twitter.com/barclays?lang=en,barclays,"Country: UK,CEO: C.S. Venkatakrishnan,CFO: Tushar Morzaria,Website,Twitter"
US,Jane Fraser,Mark Mason,-,Citibank,FINANCIAL and BANKING SECTOR,True,False,https://www.citigroup.com/citi/,https://twitter.com/citibank/,citibank/,"Country: US,CEO: Jane Fraser,CFO: Mark Mason,Website,Twitter"
Germany,Manfred Knof,Bettina Orlopp,-,Commerzbank,FINANCIAL and BANKING SECTOR,True,False,https://www.commerzbank.co.uk/portal/en/cb/gb/firmenkunden/vereinigtes_koenigreich.html,https://twitter.com/commerzbank?ref_src=twsrc%5Egoogle%7Ctwcamp%5Eserp%7Ctwgr%5Eauthor,commerzbank,"Country: Germany,CEO: Manfred Knof,CFO: Bettina Orlopp,Website,Twitter"
Switzerland,Thomas Gottstein,David Mathers,-,Credit Suisse,FINANCIAL and BANKING SECTOR,False,True,https://www.credit-suisse.com/about-us/en/our-company.html,https://twitter.com/CreditSuisse?ref_src=twsrc%5Egoogle%7Ctwcamp%5Eserp%7Ctwgr%5Eauthor,CreditSuisse,"Country: Switzerland,CEO: Thomas Gottstein,CFO: David Mathers,Website,Twitter"
Germany,Christian Sewing,James von Moltke,-,Deutsche Bank,FINANCIAL and BANKING SECTOR,True,False,https://www.db.com/index?kid=sl.redirect-en.shortcut&language_id=1,https://twitter.com/DeutscheBank?ref_src=twsrc%5Egoogle%7Ctwcamp%5Eserp%7Ctwgr%5Eauthor,DeutscheBank,"Country: Germany,CEO: Christian Sewing,CFO: James von Moltke,Website,Twitter"
US,David Michael Solomon,Denis Coleman,-,Goldmans Sachs,FINANCIAL and BANKING SECTOR,True,False,https://www.goldmansachs.com,https://twitter.com/GoldmanSachs?ref_src=twsrc%5Egoogle%7Ctwcamp%5Eserp%7Ctwgr%5Eauthor,GoldmanSachs,"Country: US,CEO: David Michael Solomon,CFO: Denis Coleman,Website,Twitter"
UK,Noel Quinn,Ewen Stevenson,-,HSBC,FINANCIAL and BANKING SECTOR,False,True,https://www.hsbc.com,https://twitter.com/hsbc,hsbc,"Country: UK,CEO: Noel Quinn,CFO: Ewen Stevenson,Website,Twitter"
Germany,Steven van Rijswijk,Tanate Phutrakul,-,ING-DiBa AG,FINANCIAL and BANKING SECTOR,False,True,https://www.sony.net,https://twitter.com/ing_news,ing_news,"Country: Germany,CEO: Steven van Rijswijk,CFO: Tanate Phutrakul,Website,Twitter"
Japan,Toshiaki Higashihara,Tatsuro Ueda,-,JP Morgan,FINANCIAL and BANKING SECTOR,True,False,https://www.hitachi.com,https://twitter.com/hitachiglobal?lang=en,hitachiglobal,"Country: Japan,CEO: Toshiaki Higashihara ,CFO: Tatsuro Ueda ,Website,Twitter"
US,Michael Miebach,Sachin Mehra,-,Mastercard,FINANCIAL and BANKING SECTOR,True,False,https://www.mastercard.com/global/en.html,https://twitter.com/Mastercard?ref_src=twsrc%5Egoogle%7Ctwcamp%5Eserp%7Ctwgr%5Eauthor,Mastercard,"Country: US,CEO: Michael Miebach,CFO: Sachin Mehra,Website,Twitter"
US,W. Alexander Holmes,Larry Angelilli,-,MoneyGram,FINANCIAL and BANKING SECTOR,True,False,https://www.moneygram.com/mgo/us/en/,https://twitter.com/MoneyGram?ref_src=twsrc%5Egoogle%7Ctwcamp%5Eserp%7Ctwgr%5Eauthor,MoneyGram,"Country: US,CEO: W. Alexander Holmes,CFO: Larry Angelilli,Website,Twitter"
US,Dan Schulman,John Rainey,-,PayPal,FINANCIAL and BANKING SECTOR,True,False,https://www.paypal.com/c2/webapps/mpp/about,https://twitter.com/PayPal?ref_src=twsrc%5Egoogle%7Ctwcamp%5Eserp%7Ctwgr%5Eauthor,PayPal,"Country: US,CEO: Dan Schulman,CFO: John Rainey,Website,Twitter"
Germany,Johann Strobl,Sabine Abfalter,-,Raiffeisen Bank International AG,FINANCIAL and BANKING SECTOR,False,True,https://www.db.com/index?kid=sl.redirect-en.shortcut&language_id=1,https://twitter.com/rbi_presse?lang=en,rbi_presse,"Country: Germany,CEO: Johann Strobl,CFO: Sabine Abfalter,Website,Twitter"
Germany,Alfred F Kelly Jr,Vasant Prabhu,-,Visa,FINANCIAL and BANKING SECTOR,True,False,https://www.visa.co.uk,https://twitter.com/visa,visa,"Country: Germany,CEO: Alfred F Kelly Jr,CFO: Vasant Prabhu,Website,Twitter"
Germany,Oliver Bäte,Giulio Terzariol,-,Allianz,INSURANCE SECTOR,True,False,https://www.allianz.com/en.html,https://twitter.com/Allianz?ref_src=twsrc%5Egoogle%7Ctwcamp%5Eserp%7Ctwgr%5Eauthor,Allianz,"Country: Germany ,CEO: Oliver Bäte,CFO: Giulio Terzariol,Website,Twitter"
Germany,Jean-Jacques Henchoz,Clemens Jungsthöfel,-,Hannover Re,INSURANCE SECTOR,True,False,https://www.hannover-re.com,,,"Country: Germany,CEO: Jean-Jacques Henchoz,CFO: Clemens Jungsthöfel,Website"
France,Thomas Buberl,Alban de Mailly Nesle,-,AXA,INSURANCE SECTOR,False,True,https://www.axa.com,https://twitter.com/axa?lang=en,axa,"Country: France,CEO: Thomas Buberl ,CFO: Alban de Mailly Nesle,Website,Twitter"
France,Jean-Laurent Bonnafé,Lars Machenil,-,BNP Paribas,INSURANCE SECTOR,False,True,https://group.bnpparibas/en/,https://twitter.com/BNPParibas?ref_src=twsrc%5Egoogle%7Ctwcamp%5Eserp%7Ctwgr%5Eauthor,BNPParibas,"Country: France,CEO: Jean-Laurent Bonnafé,CFO: Lars Machenil,Website,Twitter"
France,Frédéric Oudéa,Claire Dumas,-,Société Générale,INSURANCE SECTOR,False,True,https://www.societegenerale.com/en,https://twitter.com/SocieteGenerale?ref_src=twsrc%5Egoogle%7Ctwcamp%5Eserp%7Ctwgr%5Eauthor,SocieteGenerale,"Country: France,CEO: Frédéric Oudéa,CFO: Claire Dumas,Website,Twitter"
Switzerland,Christian Mumenthaler,John R. Dacey,-,Swiss Re,INSURANCE SECTOR,True,False,https://www.swissre.com,https://twitter.com/SwissRe?ref_src=twsrc%5Egoogle%7Ctwcamp%5Eserp%7Ctwgr%5Eauthor,SwissRe,"Country: Switzerland,CEO: Christian Mumenthaler,CFO: John R. Dacey,Website,Twitter"
Austria,Andrew Brandstetter,Kurt Svoboda,-,UNIQA Group,INSURANCE SECTOR,False,True,https://www.uniqagroup.com/gruppe/,https://twitter.com/uniqagroup?ref_src=twsrc%5Egoogle%7Ctwcamp%5Eserp%7Ctwgr%5Eauthor,uniqagroup,"Country: Austria,CEO: Andrew Brandstetter,CFO: Kurt Svoboda,Website,Twitter"
Czech Republic,Ladislav Bartoníček,Kateřina Jirásková,-,PPF Group,INSURANCE SECTOR,False,True,https://www.ppf.eu/en,https://twitter.com/PPFGroup?ref_src=twsrc%5Egoogle%7Ctwcamp%5Eserp%7Ctwgr%5Eauthor,PPFGroup,"Country: Czech Republic ,CEO: Ladislav Bartoníček,CFO: Kateřina Jirásková,Website,Twitter"
UK,John Neal,Burkhard Keese,-,Lloyd’s,INSURANCE SECTOR,False,True,https://www.lloyds.com,https://twitter.com/LloydsofLondon?ref_src=twsrc%5Egoogle%7Ctwcamp%5Eserp%7Ctwgr%5Eauthor,LloydsofLondon,"Country: UK,CEO: John Neal,CFO: Burkhard Keese,Website,Twitter"
US,Peter Zaffino,Shane Fitzsimons,-,AIG (American International Group),INSURANCE SECTOR,False,True,https://www.aig.com/individual,https://twitter.com/AIGinsurance?ref_src=twsrc%5Egoogle%7Ctwcamp%5Eserp%7Ctwgr%5Eauthor,AIGinsurance,"Country: US,CEO: Peter Zaffino,CFO: Shane Fitzsimons,Website,Twitter"
US,Warren E. Buffett,Marc D. Hamburg,-,Berkshire Hathaway,INSURANCE SECTOR,False,True,https://www.berkshirehathaway.com,,,"Country: US,CEO: Warren E. Buffett,CFO: Marc D. Hamburg,Website"
US,J. Patrick Gallagher Jr.,Douglas K. Howell,-,Arthur J Gallagher,INSURANCE SECTOR,False,True,https://www.ajg.com,https://twitter.com/gallagherglobal,gallagherglobal,"Country: US,CEO: J. Patrick Gallagher Jr.,CFO: Douglas K. Howell,Website,Twitter"
UK/US,Greg Case,Christa Davies,-,AON,INSURANCE SECTOR,True,False,https://www.aon.com/home/index,https://twitter.com/Aon_plc?ref_src=twsrc%5Egoogle%7Ctwcamp%5Eserp%7Ctwgr%5Eauthor,Aon_plc,"Country: UK/US,CEO: Greg Case,CFO: Christa Davies,Website,Twitter"
UK/US,Carl Hess,Andrew Krasner,-,Willis Towers Watson,INSURANCE SECTOR,True,False,https://www.wtwco.com/en-GB,https://twitter.com/WTWcorporate?ref_src=twsrc%5Egoogle%7Ctwcamp%5Eserp%7Ctwgr%5Eauthor,WTWcorporate,"Country: UK/US,CEO: Carl Hess ,CFO: Andrew Krasner,Website,Twitter"
France,,Cécile Cabanis,CEOs: Véronique Penchienati-Bosetta & Shane Grant,Danone,"FOOD, MANUFACTURING and CONSUMER GOODS",False,True,https://www.danone.com,https://twitter.com/Danone,Danone,"Country: France,CEOs: Véronique Penchienati-Bosetta & Shane Grant,CFO: Cécile Cabanis,Website,Twitter"
Germany,Kasper Rorsted,Harm Ohlmeyer,-,Adidas,"FOOD, MANUFACTURING and CONSUMER GOODS",True,False,https://www.adidas-group.com/en/,https://mobile.twitter.com/apple?lang=en,apple,"Country: Germany,CEO: Kasper Rorsted,CFO: Harm Ohlmeyer,Website,Twitter"
Japan,Tadashi Yanai,,-,Uniqlo,"FOOD, MANUFACTURING and CONSUMER GOODS",True,False,https://www.uniqlo.com/uk/en/home,https://twitter.com/UniqloUSA,UniqloUSA,"Country: Japan,CEO: Tadashi Yanai,Website,Twitter"
US,James Quincey,John Murphy,-,Coca-Cola,"FOOD, MANUFACTURING and CONSUMER GOODS",True,False,https://www.coca-colacompany.com,https://twitter.com/CocaCola?ref_src=twsrc%5Egoogle%7Ctwcamp%5Eserp%7Ctwgr%5Eauthor,CocaCola,"Country: US,CEO: James Quincey,CFO: John Murphy,Website,Twitter"
US,Sue Y. Nabi,Laurent Mercier,-,Coty,"FOOD, MANUFACTURING and CONSUMER GOODS",False,True,https://www.coty.com,https://twitter.com/COTYInc?ref_src=twsrc%5Egoogle%7Ctwcamp%5Eserp%7Ctwgr%5Eauthor,COTYInc,"Country: US,CEO: Sue Y. Nabi,CFO: Laurent Mercier,Website,Twitter"
US,Cees T Hart,Heine Dalsgaard,-,Carlsberg,"FOOD, MANUFACTURING and CONSUMER GOODS",False,True,https://www.carlsberggroup.com,https://twitter.com/CarlsbergGroup,CarlsbergGroup,"Country: US,CEO: Cees T Hart ,CFO: Heine Dalsgaard ,Website,Twitter"
France,Nicolas Hieronimus,Christophe Babule,-,L'Oréal,"FOOD, MANUFACTURING and CONSUMER GOODS",False,True,https://www.loreal.com/en/,https://twitter.com/lorealparis?lang=en,lorealparis,"Country: France,CEO: Nicolas Hieronimus,CFO: Christophe Babule,Website,Twitter"
Germany,Carsten Knobel,Marco Swoboda,-,Henkel AG & Co. KGaA,"FOOD, MANUFACTURING and CONSUMER GOODS",False,True,https://www.henkel.co.uk,https://twitter.com/Henkel?ref_src=twsrc%5Egoogle%7Ctwcamp%5Eserp%7Ctwgr%5Eauthor,Henkel,"Country: Germany,CEO: Carsten Knobel,CFO: Marco Swoboda,Website,Twitter"
US,Joaquin Duato,Joseph J. Wolk,-,Johnson & Johnson,"FOOD, MANUFACTURING and CONSUMER GOODS",False,True,https://www.jnj.com,https://twitter.com/JNJNews,JNJNews,"Country: US,CEO: Joaquin Duato,CFO: Joseph J. Wolk,Website,Twitter"
Germany,,,-,Kaufland Stiftung & Co,"FOOD, MANUFACTURING and CONSUMER GOODS",False,True,https://www.kaufland.com,https://twitter.com/kaufland?ref_src=twsrc%5Egoogle%7Ctwcamp%5Eserp%7Ctwgr%5Eauthor,kaufland,"Country: Germany,Website,Twitter"
US,Fabrizio Freda,Tracey T. Travis,-,Esteé Lauder,"FOOD, MANUFACTURING and CONSUMER GOODS",True,False,https://www.elcompanies.com/en,https://twitter.com/EsteeLauder?ref_src=twsrc%5Egoogle%7Ctwcamp%5Eserp%7Ctwgr%5Eauthor,EsteeLauder,"Country: US,CEO: Fabrizio Freda,CFO: Tracey T. Travis,Website,Twitter"
US,Chris Kempczinski,Kevin Ozan,-,McDonald's,"FOOD, MANUFACTURING and CONSUMER GOODS",True,False,https://corporate.mcdonalds.com/corpmcd/home.html,https://twitter.com/McDonalds?ref_src=twsrc%5Egoogle%7Ctwcamp%5Eserp%7Ctwgr%5Eauthor,McDonalds,"Country: US,CEO: Chris Kempczinski,CFO: Kevin Ozan,Website,Twitter"
Switzerland,(Ulf) Mark Schneider,François-Xavier Roger,-,Nestlé,"FOOD, MANUFACTURING and CONSUMER GOODS",False,True,https://www.nestle.com,https://twitter.com/Nestle?ref_src=twsrc%5Egoogle%7Ctwcamp%5Eserp%7Ctwgr%5Eauthor,Nestle,"Country: Switzerland,CEO: (Ulf) Mark Schneider,CFO: François-Xavier Roger,Website,Twitter"
US,John Donahoe,Matthew Friend,-,Nike,"FOOD, MANUFACTURING and CONSUMER GOODS",True,False,https://about.nike.com,https://twitter.com/Nike?ref_src=twsrc%5Egoogle%7Ctwcamp%5Eserp%7Ctwgr%5Eauthor,Nike,"Country: US,CEO: John Donahoe ,CFO: Matthew Friend ,Website,Twitter"
US,Jon R. Moeller,Andre Schulten,-,Procter & Gamble,"FOOD, MANUFACTURING and CONSUMER GOODS",False,True,https://www.pg.co.uk,https://twitter.com/proctergamble/?lang=en,proctergamble/,"Country: US,CEO: Jon R. Moeller,CFO: Andre Schulten,Website,Twitter"
Germany,Lionel Souque,,-,Rewe International,"FOOD, MANUFACTURING and CONSUMER GOODS",False,True,https://rewe-group.at/de,,,"Country: Germany ,CEO: Lionel Souque,Website"
Japan,Masahiko Uotani,Norio Tadakawa,-,Shiseido,"FOOD, MANUFACTURING and CONSUMER GOODS",True,False,https://corp.shiseido.com/en/,https://twitter.com/shiseido_corp,shiseido_corp,"Country: Japan,CEO: Masahiko Uotani,CFO: Norio Tadakawa,Website,Twitter"
Germany,Clemens Tönnies,Carl Bürger,-,Tönnies Group,"FOOD, MANUFACTURING and CONSUMER GOODS",False,True,https://www.toennies.de/en/,,,"Country: Germany,CEO: Clemens Tönnies,CFO: Carl Bürger,Website"
Germany,Friedrich Joussen,Sebastian Ebel,-,TUI AG,"FOOD, MANUFACTURING and CONSUMER GOODS",True,False,https://www.tuigroup.com/en-en,https://twitter.com/tuigroup?lang=en,tuigroup,"Country: Germany,CEO: Friedrich Joussen,CFO: Sebastian Ebel,Website,Twitter"
UK,Alan Jope,Graeme Pitkethly,-,Unilever,"FOOD, MANUFACTURING and CONSUMER GOODS",False,True,https://www.unilever.com,https://twitter.com/Unilever?ref_src=twsrc%5Egoogle%7Ctwcamp%5Eserp%7Ctwgr%5Eauthor,Unilever,"Country: UK,CEO: Alan Jope,CFO: Graeme Pitkethly,Website,Twitter"
The Netherlands,Dolf van den Brink,Harold van den Broek,-,Heineken,"FOOD, MANUFACTURING and CONSUMER GOODS",True,False,https://www.heineken.com,https://twitter.com/Heineken,Heineken,"Country: The Netherlands,CEO: Dolf van den Brink,CFO: Harold van den Broek,Website,Twitter"
US,Sundar Pichai,Ruth Porat,-,Alphabet Inc.,TECHNOLOGY SECTOR (Consumer),True,False,https://abc.xyz,https://twitter.com/Google,Google,"Country: US,CEO: Sundar Pichai ,CFO: Ruth Porat ,Website,Twitter"
US,Tim Cook,Luca Maestri,-,Apple,TECHNOLOGY SECTOR (Consumer),True,False,https://www.apple.com,https://mobile.twitter.com/apple?lang=en,apple,"Country: US,CEO: Tim Cook ,CFO: Luca Maestri ,Website,Twitter"
US,Shantanu Narayen,John Murphy,-,Adobe,TECHNOLOGY SECTOR (Consumer),True,False,https://www.adobe.com/uk/about-adobe.html,https://twitter.com/Adobe,Adobe,"Country: US,CEO: Shantanu Narayen,CFO: John Murphy,Website,Twitter"
US,Michael S. Dell,Thomas W. Sweet,-,Dell Technologies,TECHNOLOGY SECTOR (Consumer),True,False,https://www.dell.com/en-uk,https://twitter.com/Dell?ref_src=twsrc%5Egoogle%7Ctwcamp%5Eserp%7Ctwgr%5Eauthor,Dell,"Country: US,CEO: Michael S. Dell ,CFO: Thomas W. Sweet ,Website,Twitter"
US,Drew Houston,TTim Regan,-,Dropbox,TECHNOLOGY SECTOR (Consumer),True,False,https://www.dropbox.com/about,https://twitter.com/Dropbox,Dropbox,"Country: US,CEO: Drew Houston,CFO: TTim Regan,Website,Twitter"
Japan,Toshiaki Higashihara,Tatsuro Ueda,-,Hitachi,TECHNOLOGY SECTOR (Consumer),True,False,https://www.hitachi.com,https://twitter.com/hitachiglobal?lang=en,hitachiglobal,"Country: Japan,CEO: Toshiaki Higashihara ,CFO: Tatsuro Ueda ,Website,Twitter"
US,Patrick P. Gelsinger,David Zinsner,-,Intel,TECHNOLOGY SECTOR (Consumer),True,False,https://www.intel.co.uk/content/www/uk/en/homepage.html,https://twitter.com/intel?ref_src=twsrc%5Egoogle%7Ctwcamp%5Eserp%7Ctwgr%5Eauthor,intel,"Country: US,CEO: Patrick P. Gelsinger ,CFO: David Zinsner ,Website,Twitter"
South Korea,William Cho,Doo-yong Bae,-,LG Electronics,TECHNOLOGY SECTOR (Consumer),True,False,https://www.lg.com/global,https://twitter.com/LGUS,LGUS,"Country: South Korea,CEO: William Cho,CFO: Doo-yong Bae,Website,Twitter"
US,Ryan Roslansky,James Chuong,-,LinkedIn,TECHNOLOGY SECTOR (Consumer),True,False,https://about.linkedin.com,https://twitter.com/LinkedIn,LinkedIn,"Country: US,CEO: Ryan Roslansky,CFO: James Chuong,Website,Twitter"
US,Mark Zuckerberg,Nick Clegg,-,Meta,TECHNOLOGY SECTOR (Consumer),True,False,https://about.facebook.com/meta,https://twitter.com/Meta,Meta,"Country: US,CEO: Mark Zuckerberg,CFO: Nick Clegg,Website,Twitter"
US,Satya Nadella,Amy Hood,-,Microsoft,TECHNOLOGY SECTOR (Consumer),True,False,https://www.microsoft.com/en-us/about,https://twitter.com/Microsoft,Microsoft,"Country: US,CEO: Satya Nadella ,CFO: Amy Hood ,Website,Twitter"
,,,-,Netflix,TECHNOLOGY SECTOR (Consumer),True,False,https://www.netflix.com/gb/,https://twitter.com/netflix?ref_src=twsrc%5Egoogle%7Ctwcamp%5Eserp%7Ctwgr%5Eauthor,netflix,"CEO - Reed Hastings,CFO - Spencer Neumann,Website, ,Twitter"
UK,Amrapali Gan,Tim Stokely,-,Only Fans,TECHNOLOGY SECTOR (Consumer),False,True,https://onlyfans.com,https://twitter.com/OnlyFans,OnlyFans,"Country: UK,CEO: Amrapali Gan,CFO: Tim Stokely,Website,Twitter"
Germany,Roland Busch,Ralf P. Thomas,-,Siemens,TECHNOLOGY SECTOR (Consumer),True,False,https://www.siemens.com/global/en.html,https://twitter.com/Siemens,Siemens,"Country: Germany,CEO: Roland Busch,CFO: Ralf P. Thomas,Website,Twitter"
South Korea,Kim Hyun Suk,Hark Kyu Park,-,Samsung Electronics,TECHNOLOGY SECTOR (Consumer),True,False,https://www.samsung.com/uk/,https://twitter.com/Samsung,Samsung,"Country: South Korea,CEO: Kim Hyun Suk ,CFO: Hark Kyu Park ,Website,Twitter"
Japan,Kenichiro Yoshida,Hiroki Totoki,-,Sony,TECHNOLOGY SECTOR (Consumer),True,False,https://www.sony.net,https://twitter.com/Sony?ref_src=twsrc%5Egoogle%7Ctwcamp%5Eserp%7Ctwgr%5Eauthor,Sony,"Country: Japan,CEO: Kenichiro Yoshida ,CFO: Hiroki Totoki ,Website,Twitter"
,,,-,Tik Tok,TECHNOLOGY SECTOR (Consumer),True,False,https://www.tiktok.com/en/Website,https://mobile.twitter.com/tiktok_us?lang=en,tiktok_us,"CEO - Shou Zi Chew,Website,Twitter"
US,Adam Selipsky,Richard Puccio,-,Amazon Cloud Services,TECHNOLOGY SECTOR (Professional),True,False,https://aws.amazon.com,https://twitter.com/AWSCloud,AWSCloud,"Country: US,CEO: Adam Selipsky,CFO: Richard Puccio,Website,Twitter"
,Dustin Moskovitz,Tim Wan,-,Asana,TECHNOLOGY SECTOR (Professional),False,True,https://asana.com?noredirect,https://twitter.com/asana?ref_src=twsrc%5Egoogle%7Ctwcamp%5Eserp%7Ctwgr%5Eauthor,asana,"CEO: Dustin Moskovitz ,CFO: Tim Wan,Website,Twitter"
,Mike Cannon-Brookes (Co-CEO) & Scott Farquhar (Co-CEO),James Beer,-,Atlassian,TECHNOLOGY SECTOR (Professional),True,False,https://www.atlassian.com,https://twitter.com/Atlassian?ref_src=twsrc%5Egoogle%7Ctwcamp%5Eserp%7Ctwgr%5Eauthor,Atlassian,"CEO: Mike Cannon-Brookes (Co-CEO) & Scott Farquhar (Co-CEO),CFO: James Beer,Website,Twitter"
,Dylan Field,Praveer Melwani,-,Figma,TECHNOLOGY SECTOR (Professional),False,True,https://www.figma.com/organization/,https://twitter.com/figma,figma,"CEO: Dylan Field ,CFO: Praveer Melwani ,Website,Twitter"
,Thomas Dohmke,Erica Anderson,-,Github,TECHNOLOGY SECTOR (Professional),False,True,https://github.com,https://mobile.twitter.com/github,github,"CEO: Thomas Dohmke,CFO: Erica Anderson,Website,Twitter"
US,Thomas Kurian,Kathy Bonanno,-,Google Cloud Services,TECHNOLOGY SECTOR (Professional),False,True,https://cloud.google.com,https://mobile.twitter.com/gcloudpartners,gcloudpartners,"Country: US,CEO: Thomas Kurian,CFO: Kathy Bonanno,Website,Twitter"
US,Karen Peacock,Dan Griggs,-,Intercom,TECHNOLOGY SECTOR (Professional),False,True,https://www.intercom.com/about,https://twitter.com/intercom?ref_src=twsrc%5Egoogle%7Ctwcamp%5Eserp%7Ctwgr%5Eauthor,intercom,"Country: US,CEO: Karen Peacock,CFO: Dan Griggs ,Website,Twitter"
US,Ben Chestnut,Rick Lynch,-,Mailchimp,TECHNOLOGY SECTOR (Professional),False,True,https://mailchimp.com/about/,https://mobile.twitter.com/Mailchimp,Mailchimp,"Country: US,CEO: Ben Chestnut,CFO: Rick Lynch,Website,Twitter"
Netherlands/US,Andrey Khusid,Zhenya Loginov,-,Miro,TECHNOLOGY SECTOR (Professional),False,True,https://miro.com/about/,https://mobile.twitter.com/MiroHQ,MiroHQ,"Country: Netherlands/US,CEO: Andrey Khusid,CFO: Zhenya Loginov,Website,Twitter"
US,Scott Guthrie,,-,Microsoft Azure,TECHNOLOGY SECTOR (Professional),True,False,https://azure.microsoft.com/en-gb/,https://twitter.com/Azure?ref_src=twsrc%5Egoogle%7Ctwcamp%5Eserp%7Ctwgr%5Eauthor,Azure,"Country: US,CEO: Scott Guthrie,Website,Twitter"
US,Ivan Zhao,,-,Notion Salesforce,TECHNOLOGY SECTOR (Professional),False,True,https://www.notion.so/about,https://twitter.com/NotionHQ?ref_src=twsrc%5Egoogle%7Ctwcamp%5Eserp%7Ctwgr%5Eauthor,NotionHQ,"Country: US,CEO: Ivan Zhao,Website,Twitter"
US,Stewart Butterfield,Allen Shim,-,Slack,TECHNOLOGY SECTOR (Professional),True,False,https://slack.com/intl/en-gb/,https://twitter.com/SlackHQ,SlackHQ,"Country: US,CEO: Stewart Butterfield,CFO: Allen Shim,Website,Twitter"
Spain,Joaquim Lechà,Xavier Castellana,-,Typeform,TECHNOLOGY SECTOR (Professional),False,True,https://www.typeform.com,https://twitter.com/typeform/,typeform/,"Country: Spain,CEO: Joaquim Lechà,CFO: Xavier Castellana,Website,Twitter"
US,Mikkel Svane,Elena Gomez,-,Zendesk,TECHNOLOGY SECTOR (Professional),False,True,https://www.zendesk.com/about/,https://mobile.twitter.com/Zendesk,Zendesk,"Country: US,CEO: Mikkel Svane,CFO: Elena Gomez,Website,Twitter"
US,Manny Maceda,Stephen McLaughlin,-,Bain & Company,PROFESSIONAL SERVICES,True,False,https://www.bain.com,https://twitter.com/BainAlerts?ref_src=twsrc%5Egoogle%7Ctwcamp%5Eserp%7Ctwgr%5Eauthor,BainAlerts,"Country: US,CEO: Manny Maceda,CFO: Stephen McLaughlin,Website,Twitter"
US,Christoph Schweizer,Paul Tranter,-,Boston Consulting Group,PROFESSIONAL SERVICES,True,False,https://www.bcg.com/en-gb,https://twitter.com/BCG?ref_src=twsrc%5Egoogle%7Ctwcamp%5Eserp%7Ctwgr%5Eauthor,BCG,"Country: US,CEO: Christoph Schweizer ,CFO: Paul Tranter,Website,Twitter"
UK,Punit Renjen,,-,Deloitte,PROFESSIONAL SERVICES,True,False,https://www2.deloitte.com/global/en.html,https://twitter.com/Deloitte?ref_src=twsrc%5Egoogle%7Ctwcamp%5Eserp%7Ctwgr%5Eauthor,Deloitte,"Country: UK,CEO: Punit Renjen,Website,Twitter"
UK,Carmine Di Sibio,Mark Allen,-,EY,PROFESSIONAL SERVICES,True,False,https://www.ey.com/en_uk,https://twitter.com/EYnews?ref_src=twsrc%5Egoogle%7Ctwcamp%5Eserp%7Ctwgr%5Eauthor,EYnews,"Country: UK,CEO: Carmine Di Sibio,CFO: Mark Allen,Website,Twitter"
,Alex Liu,Kath Kearney-Croft,-,Kearney,PROFESSIONAL SERVICES,True,False,https://www.kearney.com,https://twitter.com/kearney?ref_src=twsrc%5Egoogle%7Ctwcamp%5Eserp%7Ctwgr%5Eauthor,kearney,"CEO: Alex Liu,CFO: Kath Kearney-Croft,Website,Twitter"
UK/Netherlands,Bill Thomas,Melissa Hardaway,-,KPMG,PROFESSIONAL SERVICES,True,False,https://home.kpmg/xx/en/home.html,https://twitter.com/KPMG?ref_src=twsrc%5Egoogle%7Ctwcamp%5Eserp%7Ctwgr%5Eauthor,KPMG,"Country: UK/Netherlands,CEO: Bill Thomas,CFO: Melissa Hardaway,Website,Twitter"
US,Bob Sternfels,,-,McKinsey & Company,PROFESSIONAL SERVICES,True,False,https://www.mckinsey.com,https://twitter.com/McKinsey?ref_src=twsrc%5Egoogle%7Ctwcamp%5Eserp%7Ctwgr%5Eauthor,McKinsey,"Country: US,CEO: Bob Sternfels,Website,Twitter"
US,Nick Studer,Matthew Cunningham,-,Oliver Wyman,PROFESSIONAL SERVICES,True,False,https://www.oliverwyman.com/index.html,https://twitter.com/OliverWyman?ref_src=twsrc%5Egoogle%7Ctwcamp%5Eserp%7Ctwgr%5Eauthor,OliverWyman,"Country: US,CEO: Nick Studer,CFO: Matthew Cunningham,Website,Twitter"
UK,Robert E. (Bob) Moritz,,-,PwC,PROFESSIONAL SERVICES,True,False,https://www.pwc.com,https://twitter.com/PwC?ref_src=twsrc%5Egoogle%7Ctwcamp%5Eserp%7Ctwgr%5Eauthor,PwC,"Country: UK,CEO: Robert E. (Bob) Moritz ,Website,Twitter"
US,Bobby Kotick,Armin Zerza,-,Activision Blizzard,GAMING,True,False,https://www.activisionblizzard.com/content/atvi/activisionblizzard/ab-touchui/ab/web/en/about-us.html,https://twitter.com/atvi_ab?lang=en-GB,atvi_ab,"Country: US,CEO: Bobby Kotick,CFO: Armin Zerza,Website,Twitter"
Japan,Daisuke Uchiyama,,-,Bandai Namco,GAMING,False,True,https://www.bandainamco.co.jp/en/index.html,https://twitter.com/bandainamcous,bandainamcous,"Country: Japan,CEO: Daisuke Uchiyama,Website,Twitter"
US,Andrew Wilson,Blake Jorgensen,-,Electronic Arts,GAMING,True,False,https://www.ea.com/en-gb,https://twitter.com/EA?ref_src=twsrc%5Egoogle%7Ctwcamp%5Eserp%7Ctwgr%5Eauthor,EA,"Country: US,CEO: Andrew Wilson,CFO: Blake Jorgensen,Website,Twitter"
Japan,Steve Sutherland,,-,Konami,GAMING,False,True,https://www.konami.com/en/,https://twitter.com/Konami?ref_src=twsrc%5Egoogle%7Ctwcamp%5Eserp%7Ctwgr%5Eauthor,Konami,"Country: Japan,CEO: Steve Sutherland,Website,Twitter"
US,,,CEO of Gaming: Phil Spencer,Microsoft Studios,GAMING,False,True,https://www.xbox.com/en-GB/xbox-game-studios,https://twitter.com/xbox,xbox,"Country: US,CEO of Gaming: Phil Spencer,Website,Twitter"
Japan,Shuntaro Furukawa,,-,Nintendo,GAMING,True,False,https://www.nintendo.co.uk/Corporate/Career/About-Nintendo/About-Nintendo-825979.html,https://twitter.com/Nintendo,Nintendo,"Country: Japan,CEO: Shuntaro Furukawa,Website,Twitter, "
US,Haruki Satomi,,-,SEGA,GAMING,False,True,https://www.sega.co.uk,https://twitter.com/SEGA?ref_src=twsrc%5Egoogle%7Ctwcamp%5Eserp%7Ctwgr%5Eauthor,SEGA,"Country: US,CEO: Haruki Satomi,Website,Twitter"
US,Jim Ryan,,-,Sony Computer Entertainment,GAMING,True,False,https://www.sie.com/en/index.html,,,"Country: US,CEO: Jim Ryan,Website"
Japan,Yosuke Matsuda,,-,Square Enix,GAMING,False,True,https://www.square-enix.com,https://twitter.com/SquareEnix?ref_src=twsrc%5Egoogle%7Ctwcamp%5Eserp%7Ctwgr%5Eauthor,SquareEnix,"Country: Japan,CEO: Yosuke Matsuda,Website,Twitter"
France,Yves Marie Remy Guillemot,Frédérick Duguet,-,Ubisoft,GAMING,True,False,https://www.ubisoft.com/en-us/company/about-us,https://twitter.com/Ubisoft?ref_src=twsrc%5Egoogle%7Ctwcamp%5Eserp%7Ctwgr%5Eauthor,Ubisoft,"Country: France,CEO: Yves Marie Remy Guillemot,CFO: Frédérick Duguet,Website,Twitter"
Germany,Stefan Hartung,Markus Forschner,-,Bosch,AUTOMOTIVE SECTOR,False,True,https://www.boschaftermarket.com/xc/en/,https://twitter.com/BoschGlobal,BoschGlobal,"Country: Germany,CEO: Stefan Hartung,CFO: Markus Forschner ,Website,Twitter"
Germany,Wolf-Henning Scheider,Dr. Konstantin Sauer,-,ZF,AUTOMOTIVE SECTOR,False,True,https://www.zf.com/mobile/en/homepage/homepage.html,https://twitter.com/ZF_Group?ref_src=twsrc%5Egoogle%7Ctwcamp%5Eserp%7Ctwgr%5Eauthor,ZF_Group,"Country: Germany ,CEO: Wolf-Henning Scheider,CFO: Dr. Konstantin Sauer,Website,Twitter"
Germany,Jan Siekermann,,-,FEBI,AUTOMOTIVE SECTOR,False,True,https://www.febi.com/en/,https://twitter.com/febibilstein,febibilstein,"Country: Germany,CEO: Jan Siekermann,Website,Twitter"
Germany,Klaus Rosenfeld,Claus Bauer,-,SCHAEFFLER,AUTOMOTIVE SECTOR,False,True,https://www.schaeffler.com/en/index.jsp,https://twitter.com/SchaefflerGroup?ref_src=twsrc%5Egoogle%7Ctwcamp%5Eserp%7Ctwgr%5Eauthor,SchaefflerGroup,"Country: Germany,CEO: Klaus Rosenfeld,CFO: Claus Bauer,Website,Twitter"
Germany,Kurk Wilks,Emese Weissenbacher,-,MANN FILTER,AUTOMOTIVE SECTOR,False,True,https://www.mann-filter.com/en.html,,,"Country: Germany,CEO: Kurk Wilks,CFO: Emese Weissenbacher,Website"
Germany,Matthias Arleth,Michael Frick,-,MAHLE,AUTOMOTIVE SECTOR,False,True,https://www.mahle.com,https://twitter.com/MAHLE_Group?ref_src=twsrc%5Egoogle%7Ctwcamp%5Eserp%7Ctwgr%5Eauthor,MAHLE_Group,"Country: Germany,CEO: Matthias Arleth,CFO: Michael Frick,Website,Twitter, "
US,Brian Kesseler,Matti Masanovich,-,DRiV (FEDERAL MOGUL and TENNECO),AUTOMOTIVE SECTOR,False,True,https://www.driv.com,https://twitter.com/DRiV_Inc?ref_src=twsrc%5Egoogle%7Ctwcamp%5Eserp%7Ctwgr%5Eauthor,DRiV_Inc,"Country: US,CEO: Brian Kesseler,CFO: Matti Masanovich,Website,Twitter"
Japan,Koji Arima,Yasushi Matsui,-,DENSO,AUTOMOTIVE SECTOR,False,True,https://www.denso.com/global/en/,https://twitter.com/densoeurope?lang=en,densoeurope,"Country: Japan,CEO: Koji Arima,CFO: Yasushi Matsui,Website,Twitter"
Japan,Masao Ono,Takaaki Kato,-,KYB,AUTOMOTIVE SECTOR,False,True,https://kyb-europe.com/about/,https://mobile.twitter.com/kybeurope/with_replies,kybeurope/with_replies,"Country: Japan,CEO: Masao Ono,CFO: Takaaki Kato,Website,Twitter"
Japan,Shinichi Odo,Kenji Isobe,-,NGK,AUTOMOTIVE SECTOR,True,False,https://www.ngkntk.com,,,"Country: Japan,CEO: Shinichi Odo,CFO: Kenji Isobe,Website"
The Netherlands,Carlos Tavares,Richard Palmer,-,Stellantis,AUTOMOTIVE SECTOR,True,False,https://www.stellantis.com/en,https://twitter.com/Stellantis?ref_src=twsrc%5Egoogle%7Ctwcamp%5Eserp%7Ctwgr%5Eauthor,Stellantis,"Country: The Netherlands,CEO: Carlos Tavares,CFO: Richard Palmer ,Website,Twitter"
South Korea,Jae Hoon Chang,,-,Hyundai Group,AUTOMOTIVE SECTOR,True,False,https://www.hyundai.com/worldwide/en/,https://twitter.com/hyundai_global?lang=en,hyundai_global,"Country: South Korea,CEO: Jae Hoon Chang,Website,Twitter"
Japan,Makoto Uchida,Stephen Ma,-,Nissan Group,AUTOMOTIVE SECTOR,False,True,https://www.nissan-global.com/EN/index.html,https://twitter.com/nissan,nissan,"Country: Japan,CEO: Makoto Uchida,CFO: Stephen Ma,Website,Twitter"
Japan,Akio Toyoda,Kenta Kon,-,Toyota Group,AUTOMOTIVE SECTOR,False,True,https://global.toyota/en/,https://twitter.com/toyotamotorcorp,toyotamotorcorp,"Country: Japan,CEO: Akio Toyoda,CFO: Kenta Kon,Website,Twitter"
Germany,Oliver Blume,Lutz Meschke,-,Porsche,AUTOMOTIVE SECTOR,False,True,https://www.porsche.com/international/aboutporsche/,https://twitter.com/porsche,porsche,"Country: Germany,CEO: Oliver Blume,CFO: Lutz Meschke,Website,Twitter"
France,Luca de Meo,Thierry Piéton,-,Renault,AUTOMOTIVE SECTOR,False,True,https://www.renaultgroup.com/en/,https://twitter.com/renaultgroup?ref_src=twsrc%5Egoogle%7Ctwcamp%5Eserp%7Ctwgr%5Eauthor,renaultgroup,"Country: France,CEO: Luca de Meo,CFO: Thierry Piéton,Website,Twitter"
Germany,Herbert Diess,Arno Antlitz,-,Volkswagen Group,AUTOMOTIVE SECTOR,True,False,https://www.volkswagen.co.uk/en.html,https://twitter.com/vwgroup,vwgroup,"Country: Germany,CEO: Herbert Diess,CFO: Arno Antlitz,Website,Twitter"
Germany,Oliver Zipse,Nicolas Peter,-,BMW Group,AUTOMOTIVE SECTOR,True,False,https://www.bmwgroup.com/en.html,https://twitter.com/BMWGroup?ref_src=twsrc%5Egoogle%7Ctwcamp%5Eserp%7Ctwgr%5Eauthor,BMWGroup,"Country: Germany,CEO: Oliver Zipse,CFO: Nicolas Peter,Website,Twitter"
US,James D. Farley Jr,John Lawler,-,Ford Group,AUTOMOTIVE SECTOR,True,False,https://corporate.ford.com,https://twitter.com/ford,ford,"Country: US,CEO: James D. Farley Jr,CFO: John Lawler,Website,Twitter"
Germany,Ola Källenius,Harald Wilhelm,-,Mercedes,AUTOMOTIVE SECTOR,True,False,https://www.mercedes-benz.com/en/,https://twitter.com/mercedesbenz,mercedesbenz,"Country: Germany,CEO: Ola Källenius ,CFO: Harald Wilhelm,Website,Twitter"
Germany,Martin Brudermüller,Hans-Ulrich Engel,-,BASF,CHEMICAL SECTOR,False,True,https://www.basf.com/gb/en.html,https://twitter.com/BASF,BASF,"Country: Germany,CEO: Martin Brudermüller ,CFO: Hans-Ulrich Engel ,Website,Twitter"
UK,Jim Ratcliffe,John Reece,-,Ineos,CHEMICAL SECTOR,False,True,https://www.ineos.com,https://twitter.com/ineos?lang=en,ineos,"Country: UK,CEO: Jim Ratcliffe ,CFO: John Reece ,Website,Twitter"
US,Edward Breen,Lori Koch,-,DuPont,CHEMICAL SECTOR,True,False,https://www.dupont.com,https://twitter.com/DuPont_News?ref_src=twsrc%5Egoogle%7Ctwcamp%5Eserp%7Ctwgr%5Eauthor,DuPont_News,"Country: US,CEO: Edward Breen ,CFO: Lori Koch ,Website,Twitter"
South Korea,Hak-Cheol Shin,Dong Seok Cha,-,LG Chem,CHEMICAL SECTOR,False,True,https://www.lgchem.com/main/index,,,"Country: South Korea,CEO: Hak-Cheol Shin ,CFO: Dong Seok Cha ,Website"
Japan,Jean-Marc Gilson,Hidegumi Date,-,Mitsubishi Chemical,CHEMICAL SECTOR,False,True,https://www.m-chemical.co.jp/en/index.html,,,"Country: Japan,CEO: Jean-Marc Gilson ,CFO: Hidegumi Date ,Website"
Saudi Arabia,Yousef Al-Benyan,Timothy Leveille,-,Sabic,CHEMICAL SECTOR,False,True,https://www.sabic.com/en,https://twitter.com/sabic?lang=en,sabic,"Country: Saudi Arabia,CEO: Yousef Al-Benyan ,CFO: Timothy Leveille ,Website,Twitter"
Saudi Arabia,Amin Hassan Nasser,Ziad al-Murshed,-,Aramco,CHEMICAL SECTOR,False,True,https://www.aramco.com,https://twitter.com/aramco?ref_src=twsrc%5Egoogle%7Ctwcamp%5Eserp%7Ctwgr%5Eauthor,aramco,"Country: Saudi Arabia ,CEO: Amin Hassan Nasser,CFO: Ziad al-Murshed,Website,Twitter"
The Netherlands,,Michael McMurray,Interim CEO: Kenneth (Ken) Lane,LyondellBasell Industries,CHEMICAL SECTOR,False,True,https://www.lyondellbasell.com,https://twitter.com/LyondellBasell?ref_src=twsrc%5Egoogle%7Ctwcamp%5Eserp%7Ctwgr%5Eauthor,LyondellBasell,"Country: The Netherlands,Interim CEO: Kenneth (Ken) Lane,CFO: Michael McMurray ,Website,Twitter"
Germany,Steve Angel,Matt White,-,Linde,CHEMICAL SECTOR,False,True,https://www.linde.com,https://twitter.com/Lindeplc?ref_src=twsrc%5Egoogle%7Ctwcamp%5Eserp%7Ctwgr%5Eauthor,Lindeplc,"Country: Germany,CEO: Steve Angel ,CFO: Matt White ,Website,Twitter"
